HP1a,HP1B,HP1C,A_B,A_C,B_C,A_B_C
0.338709625092009,-0.388182860828355,-0.332413953163008,-0.131481271258316,-0.112591805451195,0.129037399318079,0.0437062091458745
0.281888711871469,0.688451671927623,-0.226574726895706,0.194066754985437,-0.0638688579072604,-0.155985749547893,-0.0439706220103612
0.235180898609853,-0.716401754335035,-0.836089119016266,-0.168484008350189,-0.196632190328166,0.598975711643687,0.140867646109838
-0.259888005723367,-0.742068685197422,-0.823145962181836,0.192854750705719,0.213925762530679,0.610830841881842,-0.158747609330997
