Feature,Coefficient
HP1a,0.14660777676269876
HP1B,0.09448797831996274
HP1C,0.14655141327859242
A_B,0.07780397823428263
A_C,0.14818829738196537
B_C,0.1581272144596238
A_B_C,0.1571709123386277
