Features,Coefficient
HP1a,0.07156455032692886
HP1B,0.3751977202619455
HP1C,0.03746147017225471
B_C,-0.08143805145220466
state.name_1,0.5914635093365306
state.name_2,0.10167723671405458
state.name_4,-0.07751840058029598
state.name_9,-0.4560807238487944
CTC,-0.023055677855120634
GGA,-0.04021852949129188
GTC,-0.026441412757367583
DRE_Sites,0.028157747748258688
DRE_Avg_Score,0.025928583218289804
Disco_Sites,0.022275011913212805
Disco_Avg_Score,0.028388046371358795
