feature_names,feature_coefs
Mean_Accesibility,0.19320527529712533
state.name_1,0.40897720540900867
state.name_2,-0.19654815161471154
state.name_3,-0.0766341764681359
state.name_4,-0.0
state.name_5,-0.0
state.name_6,-0.0
state.name_7,-0.0
state.name_8,-0.0
state.name_9,0.0
GC.Promoter,-0.0
GC.Body,-0.0
PInd,-0.0
A,-0.0
C,0.0
G,-0.031301055430053376
T,-0.0
AA,0.0
AC,-0.0
AG,0.0
AT,0.0
CA,-0.03879636107095426
CC,-0.0
CG,-0.0
CT,0.0
GA,-0.009480101797318025
GC,0.007948281904975908
GG,-0.028950658405125267
GT,-0.0
TA,0.003192145335913142
TC,0.012234280143864665
TG,-0.028345862486499722
TT,0.013868796482488904
AAA,0.0
AAC,-0.029147397599570028
AAG,-0.002051427117581124
AAT,0.02122244145062749
ACA,-0.011121366727152918
ACC,-0.04957727262118624
ACG,-0.0018280556302815863
ACT,-0.01415214588443225
AGA,0.05045560320798261
AGC,-0.0
AGG,-0.03857634827684619
AGT,-0.005148997596388003
ATA,-0.014587826364504883
ATC,0.027735179537574352
ATG,-0.019034529195866554
ATT,-0.0
CAA,0.04177711819502612
CAC,0.008832950106050182
CAG,0.016527629438986793
CAT,-0.024523030952547743
CCA,-0.0
CCC,0.0
CCG,-0.03575058050720194
CCT,0.0
CGA,-0.03055597421330737
CGC,-0.05363964375503296
CGG,0.007804233551244492
CGT,0.0002015776281532651
CTA,-0.0
CTC,0.0
CTG,0.0
CTT,-0.05832221285076682
GAA,0.0
GAC,-0.015909014964347754
GAG,0.0
GAT,-0.011195822079715093
GCA,-0.02520213280943784
GCC,0.0447413031874855
GCG,0.0192418108203974
GCT,-0.018094592148539184
GGA,0.0009656490370846425
GGC,0.009225202678517867
GGG,0.0
GGT,-0.0
GTA,-0.03662731377165004
GTC,-0.0
GTG,-0.0
GTT,-0.0
TAA,-0.0
TAC,-0.0
TAG,0.0
TAT,0.0
TCA,-0.0
TCC,-0.011348478611288577
TCG,-0.0
TCT,-0.1955129434844594
TGA,-0.00195605429464812
TGC,-0.0
TGG,0.0032118969959872125
TGT,0.11930724426466655
TTA,0.18496182763503288
TTC,0.0908790788705514
TTG,0.23387590483140563
TTT,0.18983772444628128
exon_num,0.7626259729644521
density,0.12013008883153448
GAGA_Sites,-0.0841255562089557
GAGA_Avg_Score,-0.0
DRE_Sites,-0.3470676007547915
DRE_Avg_Score,0.0
Disco_Sites,1.2606454403299943
Disco_Avg_Score,0.1832652201444096
HP1a,0.1812274641838607
HP1B,-0.21966887915042752
HP1C,-0.06927993462772895
A_B,-0.10203095982337844
A_C,-0.0
B_C,-0.0
A_B_C,-1.0084782369140735
