feature_names,feature_coefs
Mean_Accesibility,0.32655291817568954
state.name_1,1.2903750664532359
state.name_2,0.5504463744173081
state.name_3,0.3241442161291155
state.name_4,0.0
state.name_5,-0.0
state.name_6,-0.0
state.name_7,0.0
state.name_8,0.0
state.name_9,0.0
GC.Promoter,-0.0
GC.Body,0.0
PInd,-0.0
A,-0.01178973783810301
C,0.0006767494990163952
G,-0.04043899791050351
T,-0.0
AA,-0.0
AC,-0.0
AG,0.0
AT,0.0
CA,-0.021567244822872887
CC,-0.0
CG,0.0
CT,0.02703067318989309
GA,-0.0
GC,0.004456135706213468
GG,-0.0008018588031947575
GT,-0.0
TA,0.015034788462873963
TC,0.004869275512941722
TG,-0.03552753117844365
TT,0.022029266399472783
AAA,-0.0
AAC,-0.044333799336481
AAG,-0.0007971104167511045
AAT,0.04271538676018421
ACA,-0.002604005688196825
ACC,-0.036348614054767754
ACG,0.0
ACT,-0.019760897550458446
AGA,0.07689700098243683
AGC,-0.0018168369428697118
AGG,-0.020488251296623284
AGT,-0.023831030245864818
ATA,-0.006668738294879807
ATC,0.00901311111088979
ATG,-0.027661211844421725
ATT,-0.0
CAA,0.03972126569840265
CAC,0.0
CAG,0.020445114661867107
CAT,-0.013326098824252204
CCA,-0.0015854290501719276
CCC,0.0
CCG,-0.013007782502347028
CCT,0.0071098967736358135
CGA,-0.03463390915748784
CGC,-0.059889510205053335
CGG,0.006809270761541346
CGT,0.0023231012922461177
CTA,-0.020198224977773117
CTC,0.0
CTG,-0.0
CTT,-0.07668268860289483
GAA,-0.0
GAC,0.0
GAG,0.0
GAT,-0.000228048062614688
GCA,-0.03436419388648504
GCC,0.04752898563986657
GCG,0.01590819503141923
GCT,-0.026580775773967783
GGA,0.012649660163426796
GGC,0.029498743480258136
GGG,0.0009622824949390753
GGT,-0.025584643105837964
GTA,-0.038708465202961645
GTC,0.0
GTG,-0.0
GTT,-0.0
TAA,0.0
TAC,-0.01847618053027223
TAG,0.0
TAT,0.0
TCA,0.0
TCC,-0.009829327633532925
TCG,0.024896314638068195
TCT,-0.19015614054074262
TGA,-0.0019543956192000036
TGC,-0.011404721194068325
TGG,-0.0
TGT,0.07860219857362329
TTA,0.2001075867635947
TTC,0.07993445616847131
TTG,0.2498911461024119
TTT,-0.08257040272140373
exon_num,0.2713248465561106
density,-0.07692710152521876
GAGA_Sites,0.0
GAGA_Avg_Score,-0.0
DRE_Sites,-1.0007402710547442
DRE_Avg_Score,0.0
Disco_Sites,-0.0
Disco_Avg_Score,-0.0008005897325000646
