Feature,Coefficient
HP1a,0.16395585986941433
HP1B,0.14149918705678188
HP1C,0.1510650741952421
A_B,0.1576544761571098
A_C,0.0962337395599143
B_C,0.14723534903946792
A_B_C,0.17420131548646917
