Feature,Coefficient
HP1a,0.30420369159597416
HP1B,1.087944103924501
HP1C,0.22808983676377925
A_B,-0.2611660100379208
A_C,-0.15320182239310604
B_C,-0.5527686500795018
A_B_C,0.09499033657107339
