Feature,Coefficient
HP1a,0.1979713049165668
HP1B,-0.011628786033564023
HP1C,0.7394144499932812
A_B,-0.02421834531834389
A_C,-0.14508616541504785
B_C,-0.2790153075892224
A_B_C,0.020372868464410356
