Feature,Coefficient
HP1a,0.27531442605440726
HP1B,1.535923471364171
HP1C,0.0
A_B,-0.1667305460305383
A_C,-0.07939227973172412
B_C,-0.6124217132590606
A_B_C,-0.021377330124392604
