Feature,Coefficient
HP1a,0.10019136492986057
HP1B,0.1090959602948715
HP1C,0.09662969150163096
A_B,0.057886388663078374
A_C,0.10053638533091214
B_C,0.08481292930637267
A_B_C,0.139284038421865
